text,span,polarity,polarity_predicted,aspect,ordinal
i have just received the product within one day delivery...,day delivery,positive,neutral,delivery,0
"it's tiny but superperformer,producing heat upto 1 or 2 mt.room can get heated up with in 30 min.,value for price paid, it's working good so far 1st day,hardly used it a week and i notice dark bands on the elements....!,very comportable to use.but defect of safety device's, is an issue",price,positive,positive,value,0
"i would certainly appreciate practical features like high reliability, software and security updates and high battery capacity sufficient for 24 hours or preferably 48 hours at my normal level of usage .",battery capacity,neutral,positive,battery,0
"generally, it is worth going for the higher memory and higher ram versions as these parameters affect the performance and the difference in cost is relatively small.",performance,negative,negative,performance,0
"generally, it is worth going for the higher memory and higher ram versions as these parameters affect the performance and the difference in cost is relatively small.",cost,negative,negative,value,0
"i am willing to live with these perceived shortcomings, so long as the m33 meets my requirements.i was glad to find that samsung has taken an environmentally friendly step of offering many models of handsets without chargers because old chargers, like old handsets, add to e waste.",chargers,positive,positive,battery,0
"i am willing to live with these perceived shortcomings, so long as the m33 meets my requirements.i was glad to find that samsung has taken an environmentally friendly step of offering many models of handsets without chargers because old chargers, like old handsets, add to e waste.",chargers,positive,positive,battery,0
"however, it needs to be kept in mind that new handsets require higher capacity chargers.",capacity chargers,neutral,neutral,battery,0
"the recommended charger for m33 is 25 watts, but the chargers i had at home are rated at 5 or 10 watts.to cut a long story short, i ordered a 25 watt charger along with the phone to avoid compromising with the charging time.",charger,neutral,positive,battery,0
"the recommended charger for m33 is 25 watts, but the chargers i had at home are rated at 5 or 10 watts.to cut a long story short, i ordered a 25 watt charger along with the phone to avoid compromising with the charging time.",chargers,neutral,neutral,battery,0
"the recommended charger for m33 is 25 watts, but the chargers i had at home are rated at 5 or 10 watts.to cut a long story short, i ordered a 25 watt charger along with the phone to avoid compromising with the charging time.",watt charger,neutral,neutral,battery,0
"after using the new handset for a couple of weeks, i find that my phone is at 60 70 charge at the end of the day, and it takes 30 40 minutes for complete charging one of the useful features of m33 is that it shows the time remaining for complete charging as soon as it is plugged in for charging .",charge,positive,neutral,battery,0
"after using the new handset for a couple of weeks, i find that my phone is at 60 70 charge at the end of the day, and it takes 30 40 minutes for complete charging one of the useful features of m33 is that it shows the time remaining for complete charging as soon as it is plugged in for charging .",charging,positive,neutral,battery,0
"it turns out that i could have managed with the old 10 watt charger, except that it would have taken 60 90 minutes for full charging.i conclude by emphasizing that samsung galaxy m33 5g is the perfect phone but for my requirements.",watt charger,neutral,neutral,battery,0
"a word of advice if you are planning to buy a new phone, it would be helpful if you list out your requirements so that you do not end up paying for features that you do not intend to use.,with 5g connectivity, a 120hz display and solid performance, the galaxy m33 5g is samsung s best value smartphone yet under 20k segmentpros almost half the price of galaxy a53exynos 1280 is a solid performerexcellent 120hz display with smooth experience across the boardhuge performance uplift over m32one ui 4.1 based on android 12 has tons of good features to love, none of the flagship grade features are skipped here apart from dex mode and spen features , zero lag or stuttering in 120 hz mode with ease of use and seemless switching of apps without any crash or reloading of apps, makes using one ui pleasure to surf acrossyou get features like a screen recorder, video call effects, game launcher, link to windows, dual messenger, quick share, music share, and secure folder, along with many others.",performance,positive,positive,performance,0
"a word of advice if you are planning to buy a new phone, it would be helpful if you list out your requirements so that you do not end up paying for features that you do not intend to use.,with 5g connectivity, a 120hz display and solid performance, the galaxy m33 5g is samsung s best value smartphone yet under 20k segmentpros almost half the price of galaxy a53exynos 1280 is a solid performerexcellent 120hz display with smooth experience across the boardhuge performance uplift over m32one ui 4.1 based on android 12 has tons of good features to love, none of the flagship grade features are skipped here apart from dex mode and spen features , zero lag or stuttering in 120 hz mode with ease of use and seemless switching of apps without any crash or reloading of apps, makes using one ui pleasure to surf acrossyou get features like a screen recorder, video call effects, game launcher, link to windows, dual messenger, quick share, music share, and secure folder, along with many others.",value smartphone,positive,positive,value,0
"a word of advice if you are planning to buy a new phone, it would be helpful if you list out your requirements so that you do not end up paying for features that you do not intend to use.,with 5g connectivity, a 120hz display and solid performance, the galaxy m33 5g is samsung s best value smartphone yet under 20k segmentpros almost half the price of galaxy a53exynos 1280 is a solid performerexcellent 120hz display with smooth experience across the boardhuge performance uplift over m32one ui 4.1 based on android 12 has tons of good features to love, none of the flagship grade features are skipped here apart from dex mode and spen features , zero lag or stuttering in 120 hz mode with ease of use and seemless switching of apps without any crash or reloading of apps, makes using one ui pleasure to surf acrossyou get features like a screen recorder, video call effects, game launcher, link to windows, dual messenger, quick share, music share, and secure folder, along with many others.",price,positive,positive,value,0
"a word of advice if you are planning to buy a new phone, it would be helpful if you list out your requirements so that you do not end up paying for features that you do not intend to use.,with 5g connectivity, a 120hz display and solid performance, the galaxy m33 5g is samsung s best value smartphone yet under 20k segmentpros almost half the price of galaxy a53exynos 1280 is a solid performerexcellent 120hz display with smooth experience across the boardhuge performance uplift over m32one ui 4.1 based on android 12 has tons of good features to love, none of the flagship grade features are skipped here apart from dex mode and spen features , zero lag or stuttering in 120 hz mode with ease of use and seemless switching of apps without any crash or reloading of apps, makes using one ui pleasure to surf acrossyou get features like a screen recorder, video call effects, game launcher, link to windows, dual messenger, quick share, music share, and secure folder, along with many others.",boardhuge performance,positive,positive,performance,0
"a word of advice if you are planning to buy a new phone, it would be helpful if you list out your requirements so that you do not end up paying for features that you do not intend to use.,with 5g connectivity, a 120hz display and solid performance, the galaxy m33 5g is samsung s best value smartphone yet under 20k segmentpros almost half the price of galaxy a53exynos 1280 is a solid performerexcellent 120hz display with smooth experience across the boardhuge performance uplift over m32one ui 4.1 based on android 12 has tons of good features to love, none of the flagship grade features are skipped here apart from dex mode and spen features , zero lag or stuttering in 120 hz mode with ease of use and seemless switching of apps without any crash or reloading of apps, makes using one ui pleasure to surf acrossyou get features like a screen recorder, video call effects, game launcher, link to windows, dual messenger, quick share, music share, and secure folder, along with many others.",flagship grade features,positive,positive,performance,0
"a word of advice if you are planning to buy a new phone, it would be helpful if you list out your requirements so that you do not end up paying for features that you do not intend to use.,with 5g connectivity, a 120hz display and solid performance, the galaxy m33 5g is samsung s best value smartphone yet under 20k segmentpros almost half the price of galaxy a53exynos 1280 is a solid performerexcellent 120hz display with smooth experience across the boardhuge performance uplift over m32one ui 4.1 based on android 12 has tons of good features to love, none of the flagship grade features are skipped here apart from dex mode and spen features , zero lag or stuttering in 120 hz mode with ease of use and seemless switching of apps without any crash or reloading of apps, makes using one ui pleasure to surf acrossyou get features like a screen recorder, video call effects, game launcher, link to windows, dual messenger, quick share, music share, and secure folder, along with many others.",lag,positive,positive,performance,0
"some of the fancy android 12 features, like the ability to change the color palette of icons and menus based on the wallpaper and dim the screen for easier reading in the dark, are also included.voice focus for calls is excellent feature, phone call quality is really good even in nosiy and crowded areasi had no issues with gps or connectivity while using google maps to navigate, signal stays strong even in rural areas, thats a positive point with good accuracy4g volte with carrier aggregation works flawlesslywifi connectivity on the dual band 5ghz router is strong and performs more than satisfactorily with low latency responsebluetooth 5.1 connectivity is strong and has good range no worries of disconnection even as far as 15 metersaudio quality via 3.5 mm jack is excellent compared to redmi note 10 pro, much more defined and well roundedfor media consumption widewine l1 support is present, good av experience on ott platforms, i have no serious complaints about color reproduction in videos considering tft lcd this panel does a good enough job .main camera 50mp is on par and better than redmi note 10 pro in almost all conditions, retains colors close to reality with good dynamic range and handling of exposure with hdr in photos as well as videos, it is able to handle extremely bright conditions welleven in shadows during day time it was able to maintain good colorsgood stable videos at 1080p4k video recording is available at 30 fps is availablemany cool camera features , boasts ar fun mode, single take, object eraser and video tnr temporal noise reduction which makes it fun to use cameraselfie camera has good punchy colors, samsung's way of boosted colour processing some may like it ,some may notexcellent battery life, got 9 hours of sot despite the heavy usage.",phone call quality,positive,positive,quality,0
"but price is slightly high for this product..,one got damaged immediately,very good product if screen little bit more brighter, over all nice product !,,this product is very good, its quality is also very good and it proved to be very useful for children, purchased a very good product,brightness is good, writing is smooth.easy to use.has lock button at behind to restrict unwanted erase.butwhile writing dots apper near by drawn text and lines automatically without touching there, so may b not suitable for precise calculation and maths like stuff, example u writing 42 and it may appear 4.2 as dot automatically appear between or near by them at certain places.dots problem more near border and corner.same product same package can be seen in much lower price if you google properly.my use was just for rough work soi didn't request for replace or return as seller send from so far via delivery and i feel it may be uneconomical for seller to receive and return via delivery service.",price,neutral,positive,value,0
"but price is slightly high for this product..,one got damaged immediately,very good product if screen little bit more brighter, over all nice product !,,this product is very good, its quality is also very good and it proved to be very useful for children, purchased a very good product,brightness is good, writing is smooth.easy to use.has lock button at behind to restrict unwanted erase.butwhile writing dots apper near by drawn text and lines automatically without touching there, so may b not suitable for precise calculation and maths like stuff, example u writing 42 and it may appear 4.2 as dot automatically appear between or near by them at certain places.dots problem more near border and corner.same product same package can be seen in much lower price if you google properly.my use was just for rough work soi didn't request for replace or return as seller send from so far via delivery and i feel it may be uneconomical for seller to receive and return via delivery service.",quality,positive,positive,quality,0
"so thinking of seller and understanding their convenience i choose to keep and use it.human only can help and support human ,really good quality product.very light weight.pen is super cool .brightness is very high.must buy product",quality,positive,positive,quality,0
"very good producteasy to handleuse of dpi is awesome,use karne mai bhut badiya clicking no sound super quality hai mere according,i use it for wfh .",sound,positive,positive,sound,0
"it's very handy to use and having good battery life,based on initial usage mouse is nice and easy for usage,vg product,just ok,",battery life,positive,positive,battery,0
but overall quality is really good.,quality,positive,positive,quality,0
price is reasonable.,price,neutral,positive,value,0
"40 290 ,charging does not last for more than 3 days with out use after full recharge,battery does not last even one week even in wall clocks,charger is not good because no idicate light after battery fully charge,get higher wattage.....",recharge,neutral,neutral,battery,0
"40 290 ,charging does not last for more than 3 days with out use after full recharge,battery does not last even one week even in wall clocks,charger is not good because no idicate light after battery fully charge,get higher wattage.....",battery,negative,negative,battery,0
"40 290 ,charging does not last for more than 3 days with out use after full recharge,battery does not last even one week even in wall clocks,charger is not good because no idicate light after battery fully charge,get higher wattage.....",charger,negative,negative,battery,0
"1000 too less and required constant charging.,not even last for 1 2 month in wall clock .",charging,negative,negative,battery,0
"battery leakage is another problempls don't buy and waste money instead go for good mah and good brands,i have tried changing once only it's ok,1.2 v please check when buying",battery leakage,negative,negative,battery,0
"battery leakage is another problempls don't buy and waste money instead go for good mah and good brands,i have tried changing once only it's ok,1.2 v please check when buying",money,negative,negative,value,0
"speed is gud nd easy to handle,very useful,quality is okay for this price.,ok,good product,nice product,is is easy to use and we can use it for everything.it is orerall great ,i bought it in 2019, using it everyday.",speed,positive,positive,performance,0
"speed is gud nd easy to handle,very useful,quality is okay for this price.,ok,good product,nice product,is is easy to use and we can use it for everything.it is orerall great ,i bought it in 2019, using it everyday.",quality,neutral,positive,quality,0
"speed is gud nd easy to handle,very useful,quality is okay for this price.,ok,good product,nice product,is is easy to use and we can use it for everything.it is orerall great ,i bought it in 2019, using it everyday.",price,positive,positive,value,0
"now that s a lot of work for this.,,closed small bed room its works.,small in size,i bought this product cause i thought it will help with my allergic problem,the product is smaller than it looked in picture, u have to use it like using yr mobile while charging..the power switch stopped working within 5 days, so i returned d product.if u really want humidifier for medical purpose then go for genuine higher price quality product.,absolutely useful product, every home must have it.",power switch,positive,positive,battery,0
"now that s a lot of work for this.,,closed small bed room its works.,small in size,i bought this product cause i thought it will help with my allergic problem,the product is smaller than it looked in picture, u have to use it like using yr mobile while charging..the power switch stopped working within 5 days, so i returned d product.if u really want humidifier for medical purpose then go for genuine higher price quality product.,absolutely useful product, every home must have it.",price quality product,positive,positive,quality,0
"i love this.,very good and working very nice,first of all, thanks to amazon for listing it as a returnable item and at an effective cost of less than 3k.coming to the device itself, the reason for purchasing it is to experience google tv.",cost,positive,positive,value,0
"the device was bug ridden from the beginning and they basically abandoned the device in 6 months, with the last software update in feb 2022, still riddled with bugs and never to see google tv 12.the stick heats up enough to scald you if you touch it and it stutters like crazy after usage of over a day, in part due to the lackluster a35 arm cores which is lacking in performance compared to a53 cores present in sticks from over 7 years ago, and also due to poor ram management.only reason to get it would be for the price, if it is less than 3k, but be prepared to suffer through a laggy interface and the known issues of the remote failing within a few months.",performance,negative,negative,performance,0
"the device was bug ridden from the beginning and they basically abandoned the device in 6 months, with the last software update in feb 2022, still riddled with bugs and never to see google tv 12.the stick heats up enough to scald you if you touch it and it stutters like crazy after usage of over a day, in part due to the lackluster a35 arm cores which is lacking in performance compared to a53 cores present in sticks from over 7 years ago, and also due to poor ram management.only reason to get it would be for the price, if it is less than 3k, but be prepared to suffer through a laggy interface and the known issues of the remote failing within a few months.",price,neutral,negative,value,0
build quality is good.,quality,positive,positive,quality,0
"product,the product is simply adjustable and brightness is enough for a study tableease of userecommended for students,i found it matches my requirement and also good by material used..overall good buying decision,enough brightness but there is no control to turn off or dimmable from the led light.",material,positive,positive,quality,0
"but it doesn't have, so turn off or turn on the light, you will need to plug in or remove it from power bank.",power bank,neutral,neutral,battery,0
"can't keep connected in power bank as it always turns on light when connected,if the button of adjustable of brightness was present....then the product was marvelous,it is helpful for me in my wfh at late night due to this product light is switch off and everybody will sleep without any distraction and also i can complete my work",power bank,positive,positive,battery,0
entire product including the beating machine nd other pair of dough hooker is absolutely perfect but the important pair of steel beater is really poor in quality..a rusty pair of beater 've been delivered nd that's too very disappointing...,quality,negative,negative,quality,0
"i would have really appreciate if the quality of beaters can be improved coz the entire product other than this justifies it's value, product for making cake cream....i have used this product more than 8 months.....no issue...no complaint.....good working,it's good if used properly.,i like this product.,its such a good product by kent.",quality,positive,positive,quality,0
"i would have really appreciate if the quality of beaters can be improved coz the entire product other than this justifies it's value, product for making cake cream....i have used this product more than 8 months.....no issue...no complaint.....good working,it's good if used properly.,i like this product.,its such a good product by kent.",value,positive,positive,value,0
hoping that will able to fix it...delivery was late..,delivery,negative,negative,delivery,0
it was out for delivery but didn't received same day....,delivery,negative,negative,delivery,0
"and package was already opened.,nice product",package,negative,positive,delivery,0
"this product little bit costly but quality was good,this does not remove all the lint cleanly.",quality,positive,positive,quality,0
"only the easiest, lightest ones.,sturdy.,adhesion is good but price is high we will get in ikea store for less,extremely effective product and very decently priced., ,worth to buy,very useful product as i have 2 cats at home.",price,positive,positive,value,0
"i am using it from 1 month, it works decent.size is bit small, so it does not provide a good ergonomic.as they say clicks are noiseless, that is not true, button press sound is there.overall it's considerable and worth buying it.,like,light weight and work well,good,hands down, logitech is the best in mouses.",noiseless,negative,positive,sound,0
"i am using it from 1 month, it works decent.size is bit small, so it does not provide a good ergonomic.as they say clicks are noiseless, that is not true, button press sound is there.overall it's considerable and worth buying it.,like,light weight and work well,good,hands down, logitech is the best in mouses.",button press sound,negative,positive,sound,0
"i am not able to scroll smoothly with it.,good battery life, no noise.",battery life,positive,positive,battery,0
everything is good about this mouse except the battery part.,battery part,negative,negative,battery,0
i use this mouse 12 15 hrs a day and i had to change its battery every 2nd month.,battery,neutral,neutral,battery,0
so those who are buying this product should also buy a rechargeable battery and charger.,battery,neutral,positive,battery,0
so those who are buying this product should also buy a rechargeable battery and charger.,charger,neutral,positive,battery,0
"if you try to play those triple aaa games you will feel the lag.,good",lag,neutral,negative,performance,0
"but again, you needn't fear about the mobile loosening and falling off.,for the price it is the best, it's hard but without hardness it cannot withhold a weight of tabletso the the hardness makes sense,not bad it's okaysvery nice product bro value for money but you ask the store in this product how much other ways the quality and material are good,better for streaming videos because if you fit your phone in this and then touch it then it moves due to the weight of phone or use this for any work where you don t have to touch your phone frequently such as video calling or voice calling etc.",price,positive,positive,value,0
"but again, you needn't fear about the mobile loosening and falling off.,for the price it is the best, it's hard but without hardness it cannot withhold a weight of tabletso the the hardness makes sense,not bad it's okaysvery nice product bro value for money but you ask the store in this product how much other ways the quality and material are good,better for streaming videos because if you fit your phone in this and then touch it then it moves due to the weight of phone or use this for any work where you don t have to touch your phone frequently such as video calling or voice calling etc.",money,positive,positive,value,0
"but again, you needn't fear about the mobile loosening and falling off.,for the price it is the best, it's hard but without hardness it cannot withhold a weight of tabletso the the hardness makes sense,not bad it's okaysvery nice product bro value for money but you ask the store in this product how much other ways the quality and material are good,better for streaming videos because if you fit your phone in this and then touch it then it moves due to the weight of phone or use this for any work where you don t have to touch your phone frequently such as video calling or voice calling etc.",quality,positive,positive,quality,0
"but again, you needn't fear about the mobile loosening and falling off.,for the price it is the best, it's hard but without hardness it cannot withhold a weight of tabletso the the hardness makes sense,not bad it's okaysvery nice product bro value for money but you ask the store in this product how much other ways the quality and material are good,better for streaming videos because if you fit your phone in this and then touch it then it moves due to the weight of phone or use this for any work where you don t have to touch your phone frequently such as video calling or voice calling etc.",material,positive,positive,quality,0
"except for that issues, the product is 5 5.,product could be more sturdy.,good product, but the quality is not so good, easily breakable,,good",quality,negative,negative,quality,0
"very good,good quality product and value for money.",quality product,positive,positive,quality,0
"very good,good quality product and value for money.",value,positive,positive,value,0
"very good,good quality product and value for money.",money,positive,positive,value,0
"recommend for buy,average product light weight and average quality.",quality,neutral,positive,quality,0
"slow charging, charging speed is not fast,not happy with this product bcoz this is a highly priced as compared to its quality and the wire is not actually retracted easily.",charging,negative,negative,battery,0
"slow charging, charging speed is not fast,not happy with this product bcoz this is a highly priced as compared to its quality and the wire is not actually retracted easily.",speed,negative,negative,performance,0
"slow charging, charging speed is not fast,not happy with this product bcoz this is a highly priced as compared to its quality and the wire is not actually retracted easily.",quality,negative,negative,quality,0
good quality.,quality,positive,positive,quality,0
"but when winding down the cable most of the times gets entangled.,usefull,charges, but doesn't support apple car play,built in quality of plastic roll could have been better,useful, 3 types in one time charging,the device gets tangled easily if you don't reel it in and out with both ends tangential to the housing reel.",charges,positive,positive,battery,0
"but it showed that installation wasn't complete even though it was and asked for security password once again after restarting the laptop.,its worth for money,okay, working.,good,valuable produc,good usb wi fi dongle for home and office works",money,positive,positive,value,0
"it's very good peace what i read.,institutions free is very expensive and difficult prasasan but thanks for amazon,my review is after 2 months of buyexcellent mi tv 55inchi like the its built quality.picture quality is osm and working good no issue with display 55 inch is much big and in dark looks like theater experiencesound quality better and much loud, bass is good with 40w speakerworking good with no issue and android with no lag good storage with all ports with dolby vision hdr 10no issue with pachtwallconsi face an issue with chromecast, i think i should be solved on tv updateother all features are amazingmust buy it ....,good,nice clarity good product,good tv for reasonable rate.",quality,positive,positive,quality,0
"it's very good peace what i read.,institutions free is very expensive and difficult prasasan but thanks for amazon,my review is after 2 months of buyexcellent mi tv 55inchi like the its built quality.picture quality is osm and working good no issue with display 55 inch is much big and in dark looks like theater experiencesound quality better and much loud, bass is good with 40w speakerworking good with no issue and android with no lag good storage with all ports with dolby vision hdr 10no issue with pachtwallconsi face an issue with chromecast, i think i should be solved on tv updateother all features are amazingmust buy it ....,good,nice clarity good product,good tv for reasonable rate.",theater experiencesound quality,positive,positive,quality,0
"it's very good peace what i read.,institutions free is very expensive and difficult prasasan but thanks for amazon,my review is after 2 months of buyexcellent mi tv 55inchi like the its built quality.picture quality is osm and working good no issue with display 55 inch is much big and in dark looks like theater experiencesound quality better and much loud, bass is good with 40w speakerworking good with no issue and android with no lag good storage with all ports with dolby vision hdr 10no issue with pachtwallconsi face an issue with chromecast, i think i should be solved on tv updateother all features are amazingmust buy it ....,good,nice clarity good product,good tv for reasonable rate.",bass,positive,positive,sound,0
"it's very good peace what i read.,institutions free is very expensive and difficult prasasan but thanks for amazon,my review is after 2 months of buyexcellent mi tv 55inchi like the its built quality.picture quality is osm and working good no issue with display 55 inch is much big and in dark looks like theater experiencesound quality better and much loud, bass is good with 40w speakerworking good with no issue and android with no lag good storage with all ports with dolby vision hdr 10no issue with pachtwallconsi face an issue with chromecast, i think i should be solved on tv updateother all features are amazingmust buy it ....,good,nice clarity good product,good tv for reasonable rate.",lag,positive,positive,performance,0
so far the tv is working fine and the picture quality is also excellent.,picture quality,positive,positive,quality,0
"sound quality is also good but low compared to sony or samsung, anyways i have connected to sound bar so that does not matter me anymore.",quality,positive,positive,quality,0
"in one day you cannot judge it,very nice product it s surprisingly charge fast then the original one go for it.",charge,positive,positive,battery,0
",the color is also calming,very nice,good product for the price.",price,positive,positive,value,0
"works well and charges fast.,very nice.,good product..",charges,positive,positive,battery,0
"works fine and good quality product,last time i bought a cable for 199 and it worked 8 months, this cable looked very fancy and didn't work for one month also.",quality product,positive,positive,quality,0
the quality is good.,quality,positive,positive,quality,0
"slightly pricy though.,value for money,it is compatible for redmi note 9 and supporting fast charging too.this is a must buy thing.",money,positive,positive,value,0
"worth of buying.,good product",worth,positive,positive,value,0
"it is not feeling very handy to hold the device and press the button at the same time, sometimes the battery door opens while using it.,it s easy to use but creates a mess when i try to make coffee froth.",battery door,neutral,neutral,battery,0
does not have enough oomph and quickly loses power.,power,negative,negative,battery,0
"excellent packaging as well.,there are two more...",packaging,positive,positive,delivery,0
"looks fine waiting for durable report,good,value for money.",value,positive,positive,value,0
"looks fine waiting for durable report,good,value for money.",money,positive,positive,value,0
"long lasting.,longevity and power is the best,badhiya,like",power,positive,positive,battery,0
"like quick data transfer, dislike geting hot itself in 2 minutes and let other pendrives getting hot also.,product, built quality, transfer speed all good.",quality,positive,positive,quality,0
"like quick data transfer, dislike geting hot itself in 2 minutes and let other pendrives getting hot also.,product, built quality, transfer speed all good.",speed,positive,positive,performance,0
"but the bill i received nothing is visible on it.,not charge fast..not looks 20w charger..cable are good,well,i purchased it to copy stuff from my phone to usb and vice versa.",20w charger,neutral,neutral,battery,0
"expected to get a new product and not a renewed item .if i knew i was buying a renewed item i wouldn t have paid full price .,good product,the product is good but not for steam iron.","price .,good product",positive,positive,value,0
"very good product..only thing i found lacking was quality of non stick should be little more better..good to use..,nice but lock has little rust as shown in picture,performs as expected.,good product,it's a light weight product.,good product....",quality,negative,positive,quality,0
before this i ordered four different items not this one which were of very low price for one minute but after my order and payment the order get cancelled automatically on the very next day.,delivery,negative,negative,value,0
"overall good and useful.,good product, proper fitting, product is very usefull because it's cover full display and body smart watch and protect any damage.screen fully protected with this product.,too cost but its perfect secure for smartwatch worth it paise vasul , for your watch",cost,positive,positive,value,0
i haven t used any other battery pack so will not be able to provide the exact expected performance.,battery pack,neutral,neutral,battery,0
i haven t used any other battery pack so will not be able to provide the exact expected performance.,performance,neutral,positive,performance,0
"simply put it is not 20,000 divide by the battery size of your phone will be the expected cycle times.",battery size,neutral,neutral,battery,0
"if i consider this as a measure then i would say that the battery capacity is around 15000 mah,happy with the product, ,but it s very heavy,day by day battery life is reducing.",battery capacity,positive,positive,battery,0
"if i consider this as a measure then i would say that the battery capacity is around 15000 mah,happy with the product, ,but it s very heavy,day by day battery life is reducing.",day battery life,neutral,positive,battery,0
must be about 1 1.5kg.very quick charge.,charge,positive,positive,battery,0
"charged my samsung m53 twice once full charged.,i recently purchased the mi power bank 3i 20000mah and have been extremely impressed with its performance.",mi power bank,positive,positive,battery,0
"charged my samsung m53 twice once full charged.,i recently purchased the mi power bank 3i 20000mah and have been extremely impressed with its performance.",performance,positive,positive,performance,0
"i have personally tested it with laboratory equipment and have found that it has a capacity of around 19000mah, which is very good compared to other power banks on the market.one of the things that i appreciate about the mi power bank 3i is that it is able to hold its charge for a long period of time.",power banks,positive,positive,battery,0
"i have personally tested it with laboratory equipment and have found that it has a capacity of around 19000mah, which is very good compared to other power banks on the market.one of the things that i appreciate about the mi power bank 3i is that it is able to hold its charge for a long period of time.",mi power bank 3i,positive,positive,battery,0
"i have personally tested it with laboratory equipment and have found that it has a capacity of around 19000mah, which is very good compared to other power banks on the market.one of the things that i appreciate about the mi power bank 3i is that it is able to hold its charge for a long period of time.",charge,positive,positive,battery,0
"i have not had to recharge it as frequently as i have had to with other power banks.in terms of durability, the mi power bank 3i has held up well over time.",power,positive,positive,battery,0
"i have not had to recharge it as frequently as i have had to with other power banks.in terms of durability, the mi power bank 3i has held up well over time.",durability,positive,positive,durability,0
"i have not had to recharge it as frequently as i have had to with other power banks.in terms of durability, the mi power bank 3i has held up well over time.",mi power bank,positive,positive,battery,0
"the construction is solid and the power bank has not suffered any damage despite being carried around in my bag on a daily basis.overall, i am extremely satisfied with my purchase of the mi power bank 3i 20000mah and would highly recommend it to others.",power bank,positive,positive,battery,0
"the construction is solid and the power bank has not suffered any damage despite being carried around in my bag on a daily basis.overall, i am extremely satisfied with my purchase of the mi power bank 3i 20000mah and would highly recommend it to others.",mi power bank,positive,positive,battery,0
it is a reliable and high quality power bank that delivers on its advertised capacity.,quality power bank,positive,positive,battery,0
"build quality is good and it is comes with 2 year warranty.,good product,bought it for charging my mobile tab but it doesn't work for lenovo m8 tab,guys this cable is is best compare of everyone over heat protection, quickly charging, but chance to shock circuit,good,nice,good quality,1.5 15watt 150 , 67 , ,",quality,positive,positive,quality,0
"build quality is good and it is comes with 2 year warranty.,good product,bought it for charging my mobile tab but it doesn't work for lenovo m8 tab,guys this cable is is best compare of everyone over heat protection, quickly charging, but chance to shock circuit,good,nice,good quality,1.5 15watt 150 , 67 , ,","quality,1.5 15watt",positive,positive,quality,0
"very good quality,good quality usb c charging cable that enables fast charging for samsung m21 as well as m33 5g 24 w seeking phones.",quality,positive,positive,quality,0
"very good quality,good quality usb c charging cable that enables fast charging for samsung m21 as well as m33 5g 24 w seeking phones.",quality,positive,positive,quality,0
"very good quality,good quality usb c charging cable that enables fast charging for samsung m21 as well as m33 5g 24 w seeking phones.",charging,positive,positive,battery,0
best value.,value,positive,positive,value,0
similar 2 m cable costs 3x or 4x in retail market.,m cable costs,negative,negative,value,0
"this is best price,great product.",price,positive,positive,value,0
wanted this as my portable battery has usb slot and ipad and kindle reader have usb c ports.,battery,positive,positive,battery,0
"charges very fast.,good,very good overall",charges,positive,positive,battery,0
"good item.,good working worth of money ,it is an awesome cable i got it from amazon.",worth,positive,positive,value,0
"good item.,good working worth of money ,it is an awesome cable i got it from amazon.",money,positive,positive,value,0
"do charge my phone in a fast way.,the cable is good in quality and charges fast , got it in good deal in the sale .,it's not a fast charger.",quality,positive,positive,quality,0
"do charge my phone in a fast way.,the cable is good in quality and charges fast , got it in good deal in the sale .,it's not a fast charger.",charges,positive,positive,battery,0
"do charge my phone in a fast way.,the cable is good in quality and charges fast , got it in good deal in the sale .,it's not a fast charger.",charger,positive,positive,battery,0
it says fast charge but it takes forever to charge.,charge,negative,negative,battery,0
"but the wire is strong and durable.,super fast,charging very fast good product ,works for both dash and warp charging.",warp charging,positive,positive,battery,0
good build quality.,build quality,positive,positive,quality,0
"this eliminates the need to buy chargers for the new usb c charging cables.the adapters tend to heat up while charging with samsung fast charger.,good product,value for money,it works worth the money,value for money,its continuously play a beep sound while connected to the laptop, which is irritating.,nothing to complain!,good product but finish could have been still better.as of not working fine but doesn t look much durable.",chargers,positive,positive,battery,0
"this eliminates the need to buy chargers for the new usb c charging cables.the adapters tend to heat up while charging with samsung fast charger.,good product,value for money,it works worth the money,value for money,its continuously play a beep sound while connected to the laptop, which is irritating.,nothing to complain!,good product but finish could have been still better.as of not working fine but doesn t look much durable.",charger,positive,positive,battery,0
"this eliminates the need to buy chargers for the new usb c charging cables.the adapters tend to heat up while charging with samsung fast charger.,good product,value for money,it works worth the money,value for money,its continuously play a beep sound while connected to the laptop, which is irritating.,nothing to complain!,good product but finish could have been still better.as of not working fine but doesn t look much durable.",value,positive,positive,value,0
"this eliminates the need to buy chargers for the new usb c charging cables.the adapters tend to heat up while charging with samsung fast charger.,good product,value for money,it works worth the money,value for money,its continuously play a beep sound while connected to the laptop, which is irritating.,nothing to complain!,good product but finish could have been still better.as of not working fine but doesn t look much durable.",money,positive,positive,value,0
"this eliminates the need to buy chargers for the new usb c charging cables.the adapters tend to heat up while charging with samsung fast charger.,good product,value for money,it works worth the money,value for money,its continuously play a beep sound while connected to the laptop, which is irritating.,nothing to complain!,good product but finish could have been still better.as of not working fine but doesn t look much durable.",value,positive,positive,value,0
"this eliminates the need to buy chargers for the new usb c charging cables.the adapters tend to heat up while charging with samsung fast charger.,good product,value for money,it works worth the money,value for money,its continuously play a beep sound while connected to the laptop, which is irritating.,nothing to complain!,good product but finish could have been still better.as of not working fine but doesn t look much durable.",beep sound,positive,positive,sound,0
"perfect hdmi cable for boat soundbar and lg smart tv,this product is overpriced,value for money good quality product,quality product,good ,good quality,good,it's ok to purchase for and as arc port",boat soundbar,positive,positive,sound,0
"perfect hdmi cable for boat soundbar and lg smart tv,this product is overpriced,value for money good quality product,quality product,good ,good quality,good,it's ok to purchase for and as arc port",value,negative,positive,value,0
"perfect hdmi cable for boat soundbar and lg smart tv,this product is overpriced,value for money good quality product,quality product,good ,good quality,good,it's ok to purchase for and as arc port",money,negative,positive,value,0
"perfect hdmi cable for boat soundbar and lg smart tv,this product is overpriced,value for money good quality product,quality product,good ,good quality,good,it's ok to purchase for and as arc port",quality product,positive,positive,quality,0
"perfect hdmi cable for boat soundbar and lg smart tv,this product is overpriced,value for money good quality product,quality product,good ,good quality,good,it's ok to purchase for and as arc port",quality product,positive,positive,quality,0
"perfect hdmi cable for boat soundbar and lg smart tv,this product is overpriced,value for money good quality product,quality product,good ,good quality,good,it's ok to purchase for and as arc port",quality,positive,positive,quality,0
"only thing is i wish the top surface had an arrow type bump on the plastic to point where the holes are you so you don't have to look down but you can just tell by touch.,delivery amazon delivery is always reliable and it didn t fail me this time too..packaging both outer packing and the product packaging were intact.",amazon delivery,positive,positive,delivery,0
"only thing is i wish the top surface had an arrow type bump on the plastic to point where the holes are you so you don't have to look down but you can just tell by touch.,delivery amazon delivery is always reliable and it didn t fail me this time too..packaging both outer packing and the product packaging were intact.",product packaging,positive,positive,delivery,0
"the nozzle makes it convenient to pour it a cup.for this price in great india sale, i think it s worth.",price,positive,positive,value,0
one for coffee another for green black tea.totally value for money.,value,positive,positive,value,0
one for coffee another for green black tea.totally value for money.,money,positive,positive,value,0
"the quink ink is clearly worth it with its thick blue color and giving superb contrast on white paper.,best product,good,no,dislikei have a ink pot of pilot andi was thinking to buy the parker one,rate is too high but quantity is too low,the quantity is little.,best quality",quality,positive,positive,quality,0
"good,got a nice product,quick not charger ,cable is very good and looks durable but the pins quality are not good, infact iphone pin keep coming out even with small movement, you can drive and charge simultaneously.",charger,positive,positive,battery,0
"good,got a nice product,quick not charger ,cable is very good and looks durable but the pins quality are not good, infact iphone pin keep coming out even with small movement, you can drive and charge simultaneously.",pins quality,positive,positive,quality,0
"type c is good and the other pin is very hard to insert but workable.,this not a fast charger and can t be used for data transfer.",charger,negative,negative,battery,0
"grand product,good quality, but not the best.best used for backup or archive drives.,i've been using this since 2021 july and it has been quite a helpful one.",quality,positive,positive,quality,0
"grand product,good quality, but not the best.best used for backup or archive drives.,i've been using this since 2021 july and it has been quite a helpful one.",backup,positive,positive,battery,0
"and orico products are really sturdy and well finished products.,its worth buying the product, very easy to connect the hdd in the case just slide the cover and insert the disk, plug the cable and you are ready.speed is also very good.,the case is quite good in connectivity and transfer speed but the case body is made up of low quality plastic.it is advisable to go for adata case.,i have been using this for couple of days and i am finally writing a review for this item.",speed,positive,positive,performance,0
"and orico products are really sturdy and well finished products.,its worth buying the product, very easy to connect the hdd in the case just slide the cover and insert the disk, plug the cable and you are ready.speed is also very good.,the case is quite good in connectivity and transfer speed but the case body is made up of low quality plastic.it is advisable to go for adata case.,i have been using this for couple of days and i am finally writing a review for this item.",quality,positive,positive,quality,0
"nice,good iron, performance, look and shape is very good,i like this product,yes,working well now.,nice product,acch hai,good",performance,positive,positive,performance,0
"nice product,ok,poor quality!",quality,negative,negative,quality,0
"stopped working in a month,this remote will work only for the new tv and not able to connect even follow all the procedure mentioned on guide.,you need to sync with original tv remote to make volume, power, mute and av buttons work.",volume,neutral,neutral,sound,0
"stopped working in a month,this remote will work only for the new tv and not able to connect even follow all the procedure mentioned on guide.,you need to sync with original tv remote to make volume, power, mute and av buttons work.",power,neutral,neutral,battery,0
"2nd purchase review....purchased on 17 july 2019, dash charge stopped working on 15 september 2019...",dash charge,neutral,neutral,battery,0
"it used to charge in one position only, and charging used to stop with little movement...finally had to replace it with new one after 6 7 months....since the price is now reduced to 300, so i will say good product in this price...",price,positive,positive,value,0
"initial review written just after purchase yes, it supports dash charge, and no heating issues...",dash charge,positive,positive,battery,0
"it puts strain on both the points, the charger side and mobile side, which again makes it vulnerable to cracks...this raises a question on longevity of the cable.....let's do some calculations.....my original oneplus cable lasted for 2 years, cost of which at present is rs.1100....",charger side,neutral,positive,battery,0
"it puts strain on both the points, the charger side and mobile side, which again makes it vulnerable to cracks...this raises a question on longevity of the cable.....let's do some calculations.....my original oneplus cable lasted for 2 years, cost of which at present is rs.1100....",cost,neutral,neutral,value,0
"the rs.1100 cable online is 1.5 meters long, which makes it easy to work on phone while it is plugged.....popio cable costs rs.400 at present but they show it 999 , which means price may rise ...",popio cable costs rs.400,neutral,neutral,value,0
"the rs.1100 cable online is 1.5 meters long, which makes it easy to work on phone while it is plugged.....popio cable costs rs.400 at present but they show it 999 , which means price may rise ...",price,neutral,positive,value,0
so effective price of popio cable is rs.500 for 1.5 meter cable...popio cable is 1 meters long against 1.5 meters of original cable...,price,positive,positive,value,0
"using a short cable while charging puts strain on the cable and phone's charging port, which is damaging for both, and also decreases life of both the cable and charging port.....they say you have to consider cost while writing review...",cost,neutral,neutral,value,0
"but you should also consider cost on long run, not just the immediate cost....",cost,neutral,positive,value,0
"charging rapidly thankful,2nd purchase review....purchased on 17 july 2019, dash charge stopped working on 15 september 2019...",dash charge,neutral,neutral,battery,0
"it used to charge in one position only, and charging used to stop with little movement...finally had to replace it with new one after 6 7 months....since the price is now reduced to 300, so i will say good product in this price...",price,negative,negative,value,0
"initial review written just after purchase yes, it supports dash charge, and no heating issues...",dash charge,positive,positive,battery,0
"it puts strain on both the points, the charger side and mobile side, which again makes it vulnerable to cracks...",charger side,negative,negative,battery,0
"this raises a question on longevity of the cable.....let's do some calculations.....my original oneplus cable lasted for 2 years, cost of which at present is rs.1100....",cost,neutral,neutral,value,0
"the rs.1100 cable online is 1.5 meters long, which makes it easy to work on phone while it is plugged.....popio cable costs rs.400 at present but they show it 999 , which means price may rise ...",popio cable costs rs.400,neutral,neutral,value,0
"the rs.1100 cable online is 1.5 meters long, which makes it easy to work on phone while it is plugged.....popio cable costs rs.400 at present but they show it 999 , which means price may rise ...",price,neutral,positive,value,0
so effective price of popio cable is rs.500 for 1.5 meter cable...popio cable is 1 meters long against 1.5 meters of original cable...,price,positive,positive,value,0
"using a short cable while charging puts strain on the cable and phone's charging port, which is damaging for both, and also decreases life of both the cable and charging port.....they say you have to consider cost while writing review...",cost,neutral,neutral,value,0
"it has more length, it is soft, and it lasts longer with moderate use....,product is nice,it's worth buying and quality is great,the product does not support the fast charging for oneplus 7t,the quality of the wire is great.",quality,positive,positive,quality,0
"it has more length, it is soft, and it lasts longer with moderate use....,product is nice,it's worth buying and quality is great,the product does not support the fast charging for oneplus 7t,the quality of the wire is great.",charging,positive,positive,battery,0
"the charging speed is good and the transfer rate is somewhat less compared to original oneplus cable,good quality, long lasting",speed,positive,positive,performance,0
"the charging speed is good and the transfer rate is somewhat less compared to original oneplus cable,good quality, long lasting",quality,positive,positive,quality,0
"i think it's value for money.speed test read speed usb 2.0 80 90 mb s usb 3 85 95 mb s usb type c 85 95 mb s write speed usb 2.0 20 mb s usb 3 21 25 mb s usb type c 20 25 mb spros metal body and not heavy easy use have type c good qualitycons product gets very hot while it's connected because it is a metal body we are not getting the speed that they said.,i like the metal body and build quality but at the same time it is metal so it heats a lot and speed is good it reaches 140 145 mbps write speed when it is cold when it gets hot the speed get low as to 8 mbps and storage not good i purchased 128gb varient and i got only 115gb 15gb less storage.overall decent product.,1 heat alot as it is metalic2 speeds are not consistent somtime it give 20mbps speed and sometimes 5 15 mbps.3 i can say it is value for money for those who want a pendrive with type c connectornote i preferred metal because it is durable,you can also buy it's plastic varients both are same in speeds.also plastic heat less,pendrive is quite good.",value,positive,positive,value,0
"i think it's value for money.speed test read speed usb 2.0 80 90 mb s usb 3 85 95 mb s usb type c 85 95 mb s write speed usb 2.0 20 mb s usb 3 21 25 mb s usb type c 20 25 mb spros metal body and not heavy easy use have type c good qualitycons product gets very hot while it's connected because it is a metal body we are not getting the speed that they said.,i like the metal body and build quality but at the same time it is metal so it heats a lot and speed is good it reaches 140 145 mbps write speed when it is cold when it gets hot the speed get low as to 8 mbps and storage not good i purchased 128gb varient and i got only 115gb 15gb less storage.overall decent product.,1 heat alot as it is metalic2 speeds are not consistent somtime it give 20mbps speed and sometimes 5 15 mbps.3 i can say it is value for money for those who want a pendrive with type c connectornote i preferred metal because it is durable,you can also buy it's plastic varients both are same in speeds.also plastic heat less,pendrive is quite good.",money.speed test,positive,positive,performance,0
"i think it's value for money.speed test read speed usb 2.0 80 90 mb s usb 3 85 95 mb s usb type c 85 95 mb s write speed usb 2.0 20 mb s usb 3 21 25 mb s usb type c 20 25 mb spros metal body and not heavy easy use have type c good qualitycons product gets very hot while it's connected because it is a metal body we are not getting the speed that they said.,i like the metal body and build quality but at the same time it is metal so it heats a lot and speed is good it reaches 140 145 mbps write speed when it is cold when it gets hot the speed get low as to 8 mbps and storage not good i purchased 128gb varient and i got only 115gb 15gb less storage.overall decent product.,1 heat alot as it is metalic2 speeds are not consistent somtime it give 20mbps speed and sometimes 5 15 mbps.3 i can say it is value for money for those who want a pendrive with type c connectornote i preferred metal because it is durable,you can also buy it's plastic varients both are same in speeds.also plastic heat less,pendrive is quite good.",speed,positive,positive,performance,0
"i think it's value for money.speed test read speed usb 2.0 80 90 mb s usb 3 85 95 mb s usb type c 85 95 mb s write speed usb 2.0 20 mb s usb 3 21 25 mb s usb type c 20 25 mb spros metal body and not heavy easy use have type c good qualitycons product gets very hot while it's connected because it is a metal body we are not getting the speed that they said.,i like the metal body and build quality but at the same time it is metal so it heats a lot and speed is good it reaches 140 145 mbps write speed when it is cold when it gets hot the speed get low as to 8 mbps and storage not good i purchased 128gb varient and i got only 115gb 15gb less storage.overall decent product.,1 heat alot as it is metalic2 speeds are not consistent somtime it give 20mbps speed and sometimes 5 15 mbps.3 i can say it is value for money for those who want a pendrive with type c connectornote i preferred metal because it is durable,you can also buy it's plastic varients both are same in speeds.also plastic heat less,pendrive is quite good.",speed usb,positive,positive,performance,0
"i think it's value for money.speed test read speed usb 2.0 80 90 mb s usb 3 85 95 mb s usb type c 85 95 mb s write speed usb 2.0 20 mb s usb 3 21 25 mb s usb type c 20 25 mb spros metal body and not heavy easy use have type c good qualitycons product gets very hot while it's connected because it is a metal body we are not getting the speed that they said.,i like the metal body and build quality but at the same time it is metal so it heats a lot and speed is good it reaches 140 145 mbps write speed when it is cold when it gets hot the speed get low as to 8 mbps and storage not good i purchased 128gb varient and i got only 115gb 15gb less storage.overall decent product.,1 heat alot as it is metalic2 speeds are not consistent somtime it give 20mbps speed and sometimes 5 15 mbps.3 i can say it is value for money for those who want a pendrive with type c connectornote i preferred metal because it is durable,you can also buy it's plastic varients both are same in speeds.also plastic heat less,pendrive is quite good.",qualitycons product,positive,positive,quality,0
"when we plug in mobile and then in pc i am getting some kind of error but files are intact and able to copy it,i like it's designe speed and build quality but there is a negetive point after you flip side for 10 to 20 time you will find that tha flip cover is starting to get loose,so far so good, it's early to right a review, as per my usage i will update accordingly,good,user friendly",designe speed,positive,positive,performance,0
"when we plug in mobile and then in pc i am getting some kind of error but files are intact and able to copy it,i like it's designe speed and build quality but there is a negetive point after you flip side for 10 to 20 time you will find that tha flip cover is starting to get loose,so far so good, it's early to right a review, as per my usage i will update accordingly,good,user friendly",quality,positive,positive,quality,0
"they can improve on sturdiness a bit, but overall good quality product and better price than all other products.",quality product,positive,positive,quality,0
"they can improve on sturdiness a bit, but overall good quality product and better price than all other products.",price,positive,positive,value,0
"and also fans place if it s some what moved to the right side instead of mostly to the left side, then the laptop gets the air correctly so laptop don t get much heat.,i am writing this review after using this table for 8 months ,it is very convenient ,the table doesn't shake even if we use it on bed ,corners of the table are smooth and th material is really of good quality,and the fan is really handy ,even i use the use this table as a cooling pad by folding and the legs and just put it on the table ,but only when we are watching videos and not typing ,ot else it will be shakey ,over all i am happy ,that my money didn't not got waste because i search for a table there are other brand for even less price like 500 ,but i choose this thinking that it is a once time investment and i need to buy and item which is durable and i bought this ,and i am happy with my decision,i like it , only thing is little bit smaller than others and i don't find any use of fan.",material,positive,positive,quality,0
"and also fans place if it s some what moved to the right side instead of mostly to the left side, then the laptop gets the air correctly so laptop don t get much heat.,i am writing this review after using this table for 8 months ,it is very convenient ,the table doesn't shake even if we use it on bed ,corners of the table are smooth and th material is really of good quality,and the fan is really handy ,even i use the use this table as a cooling pad by folding and the legs and just put it on the table ,but only when we are watching videos and not typing ,ot else it will be shakey ,over all i am happy ,that my money didn't not got waste because i search for a table there are other brand for even less price like 500 ,but i choose this thinking that it is a once time investment and i need to buy and item which is durable and i bought this ,and i am happy with my decision,i like it , only thing is little bit smaller than others and i don't find any use of fan.",quality,positive,positive,quality,0
"and also fans place if it s some what moved to the right side instead of mostly to the left side, then the laptop gets the air correctly so laptop don t get much heat.,i am writing this review after using this table for 8 months ,it is very convenient ,the table doesn't shake even if we use it on bed ,corners of the table are smooth and th material is really of good quality,and the fan is really handy ,even i use the use this table as a cooling pad by folding and the legs and just put it on the table ,but only when we are watching videos and not typing ,ot else it will be shakey ,over all i am happy ,that my money didn't not got waste because i search for a table there are other brand for even less price like 500 ,but i choose this thinking that it is a once time investment and i need to buy and item which is durable and i bought this ,and i am happy with my decision,i like it , only thing is little bit smaller than others and i don't find any use of fan.",money,positive,positive,value,0
"and also fans place if it s some what moved to the right side instead of mostly to the left side, then the laptop gets the air correctly so laptop don t get much heat.,i am writing this review after using this table for 8 months ,it is very convenient ,the table doesn't shake even if we use it on bed ,corners of the table are smooth and th material is really of good quality,and the fan is really handy ,even i use the use this table as a cooling pad by folding and the legs and just put it on the table ,but only when we are watching videos and not typing ,ot else it will be shakey ,over all i am happy ,that my money didn't not got waste because i search for a table there are other brand for even less price like 500 ,but i choose this thinking that it is a once time investment and i need to buy and item which is durable and i bought this ,and i am happy with my decision,i like it , only thing is little bit smaller than others and i don't find any use of fan.",price,positive,positive,value,0
"still as sturdy and durable as the new one.,nil,used it for a fortnight till now in my car for mobile charging.",charging,positive,positive,battery,0
"works well.,not working with fast charger , if you are planning to use with normal charger , its pretty good .",charger,positive,positive,battery,0
"product quality too its good.,i'm using this cable since 1 years and currently this cable is running perfectly without any problems.if you want to buy best type c cable then without thinking buy it.,does not support display only work to connect network and charging,good and useful",product quality,positive,positive,quality,0
"i am using this on an old mac mini, since the broadcom proprietary drivers aren't available and the replacement b43 drivers don't allow for sufficient download speeds, at least in my experience.",download speeds,neutral,positive,performance,0
"but even though i had never used dkms or iw before, the github repo along with the build tools available in the jammy repo made it easy enough to get the device working read the github readme .to be sure i first got the drivers working in a local ubuntu vm using guest additions to connect to the usb device directly from the guest os, which also worked.ultimately, i installed the os on the host and setup the drivers using usb tethering.",build tools,neutral,neutral,quality,0
"i then got the same download speed using this device i was previously getting on my other network interfaces on windows and mac, but now on ubuntu.the device itself is a bit sensitive to the antenna direction when it comes to the impact on download speed.",download speed,neutral,neutral,performance,0
"there is also a driver of realtek which you might need to install to make it work in your kali machine.i have given it 4 stars just because the performance if not good as the alpha adapters which is reasonable for this range of price but in this range and for as a beginner it is the best adapter you can buy.,nice product.",performance,positive,positive,performance,0
"there is also a driver of realtek which you might need to install to make it work in your kali machine.i have given it 4 stars just because the performance if not good as the alpha adapters which is reasonable for this range of price but in this range and for as a beginner it is the best adapter you can buy.,nice product.",price,positive,positive,value,0
"my pc is now 5g price is too high so giving 4 star,got the wi fi in one of the rooms from 0 to 70 .",g price,neutral,neutral,value,0
"but when it for the first time, you need to install the driver on your desktop laptop from the tp link website to make it operational, which is not very well explained in the manual.,this product is very good,i have buy this product because my laptop don t support wifi 5ghz band, in 2.5 ghz i receive 30 40mbps speed only but my broadband plan is 150mbps.1.",speed,neutral,neutral,performance,0
"i receive 170mbps download and 110mbps upload speed on 5ghz and my broadband plan is 150mbps.i highly recommend this product.,i purchase this product for company use and this is a very good product.",speed,positive,positive,performance,0
"eh..the looks, i'll give it 9 10, it's good looking stylish differenttouch screen is goodthe sleep tracking too is kinda accurate i still haven't understood it that well lol battery life is muah, i use it without bluetooth and it easily survives for 6 7 daysspo2 and heart rate, i just believe what it says as i can't check prove if that's correct.the water resistance, i haven't used it in water ofc am scared the calling feature works fine..",battery life,negative,positive,battery,0
"its got good sound overall its a decent watch and can be used in day to day activities, am quite satisfied with it as my first smart watch ,i've used this product for 4 days, and i'm going to rate the various features and different aspects of this smartwatch which could help the customers here so, bluetooth calling 4 5 the in built mic of this watch is excellent and the voice gets to the other side without any disturbance, watch connects smoothly with the mobile and don't get disconnected automatically until you do it yourself through watch or phone.",sound,positive,positive,sound,0
"only con is you can't silent the incoming call which is annoying sometime, hope they fix it with an update.built quality and looks 4.5 5 metallic built which looks premium and straps are also quite smooth and comforting.",quality,positive,positive,quality,0
"only con is you can't silent the incoming call which is annoying sometime, hope they fix it with an update.built quality and looks 4.5 5 metallic built which looks premium and straps are also quite smooth and comforting.",premium,positive,positive,quality,0
only con is you can get scratches on display so protect with it some sort of screen guard.touch screen 5 5 it's almost buttery smooth without any lag which is pretty impressive for a smartwatch under 2k.,lag,positive,positive,performance,0
"the voice gets to the other side without any disturbance.the build quality is good over the wrists, but you can get scratches on the display, so protect it with some screen guard.",build quality,positive,positive,quality,0
"the watch also has a great battery life, and i can go for days without having to charge it.",battery life,positive,positive,battery,0
"overall, i am very pleased with my purchase and would highly recommend the fire boltt phoenix watch to anyone who is looking for a stylish and functional watch.,this watch is absolutely stunning and great value for money.",value,positive,positive,value,0
"overall, i am very pleased with my purchase and would highly recommend the fire boltt phoenix watch to anyone who is looking for a stylish and functional watch.,this watch is absolutely stunning and great value for money.",money,positive,positive,value,0
"really pleased with the design and shape of watch, definitely a must buy for every person .loved the colour, durability and accuracy is super .",durability,positive,positive,durability,0
"but best available in the market.,good product, but too smaller than the regular one!,hello everyone,i bought this mouse in april 2022, so after 8 months of use, i'm writing this review.battery the most important one 10 10 it came with a single aa sized battery clock battery that worked from 1st april 10th december which is more than 8 months.",battery,positive,positive,battery,0
"though battery closing pane could have been better.usb transmitter 9 10 it's normal and can be carried inside the battery cavity.switch 5 10 on off switch is not handy, you need a long nail to switch it on off but is strong enough to resist a hard stroke when you force it to off with your nailless fingers.precision and laser 10 10 precision is just what most mouses have which is accurate and the laser is invisible no annoying light in the bottom .buttons 7 10 buttons produce a slight noise on click and after a long usage the left button is shaking slightly.overall ratings 9 10the main reason for you to buy this its battery efficiency, it will cost you only 12 inr for 8 months.,its very small and it trouble for my hand which is considerably smaller than other people it do fit nicely in 10 year old nephew but now mine but no complains works great from far distance so its good there its should be sold for 400 only its slighly over priced,nice mouse.easy to holdworking very smooth and fast, response time is very good.,good durable product,its a great mouse under this price for normal office use, it would have been much better if it had silent clicks!!!!!,working well so far.",battery closing pane,positive,positive,battery,0
"though battery closing pane could have been better.usb transmitter 9 10 it's normal and can be carried inside the battery cavity.switch 5 10 on off switch is not handy, you need a long nail to switch it on off but is strong enough to resist a hard stroke when you force it to off with your nailless fingers.precision and laser 10 10 precision is just what most mouses have which is accurate and the laser is invisible no annoying light in the bottom .buttons 7 10 buttons produce a slight noise on click and after a long usage the left button is shaking slightly.overall ratings 9 10the main reason for you to buy this its battery efficiency, it will cost you only 12 inr for 8 months.,its very small and it trouble for my hand which is considerably smaller than other people it do fit nicely in 10 year old nephew but now mine but no complains works great from far distance so its good there its should be sold for 400 only its slighly over priced,nice mouse.easy to holdworking very smooth and fast, response time is very good.,good durable product,its a great mouse under this price for normal office use, it would have been much better if it had silent clicks!!!!!,working well so far.",battery cavity.switch,positive,positive,battery,0
"though battery closing pane could have been better.usb transmitter 9 10 it's normal and can be carried inside the battery cavity.switch 5 10 on off switch is not handy, you need a long nail to switch it on off but is strong enough to resist a hard stroke when you force it to off with your nailless fingers.precision and laser 10 10 precision is just what most mouses have which is accurate and the laser is invisible no annoying light in the bottom .buttons 7 10 buttons produce a slight noise on click and after a long usage the left button is shaking slightly.overall ratings 9 10the main reason for you to buy this its battery efficiency, it will cost you only 12 inr for 8 months.,its very small and it trouble for my hand which is considerably smaller than other people it do fit nicely in 10 year old nephew but now mine but no complains works great from far distance so its good there its should be sold for 400 only its slighly over priced,nice mouse.easy to holdworking very smooth and fast, response time is very good.,good durable product,its a great mouse under this price for normal office use, it would have been much better if it had silent clicks!!!!!,working well so far.",noise,neutral,positive,sound,0
"though battery closing pane could have been better.usb transmitter 9 10 it's normal and can be carried inside the battery cavity.switch 5 10 on off switch is not handy, you need a long nail to switch it on off but is strong enough to resist a hard stroke when you force it to off with your nailless fingers.precision and laser 10 10 precision is just what most mouses have which is accurate and the laser is invisible no annoying light in the bottom .buttons 7 10 buttons produce a slight noise on click and after a long usage the left button is shaking slightly.overall ratings 9 10the main reason for you to buy this its battery efficiency, it will cost you only 12 inr for 8 months.,its very small and it trouble for my hand which is considerably smaller than other people it do fit nicely in 10 year old nephew but now mine but no complains works great from far distance so its good there its should be sold for 400 only its slighly over priced,nice mouse.easy to holdworking very smooth and fast, response time is very good.,good durable product,its a great mouse under this price for normal office use, it would have been much better if it had silent clicks!!!!!,working well so far.",battery efficiency,positive,positive,battery,0
"though battery closing pane could have been better.usb transmitter 9 10 it's normal and can be carried inside the battery cavity.switch 5 10 on off switch is not handy, you need a long nail to switch it on off but is strong enough to resist a hard stroke when you force it to off with your nailless fingers.precision and laser 10 10 precision is just what most mouses have which is accurate and the laser is invisible no annoying light in the bottom .buttons 7 10 buttons produce a slight noise on click and after a long usage the left button is shaking slightly.overall ratings 9 10the main reason for you to buy this its battery efficiency, it will cost you only 12 inr for 8 months.,its very small and it trouble for my hand which is considerably smaller than other people it do fit nicely in 10 year old nephew but now mine but no complains works great from far distance so its good there its should be sold for 400 only its slighly over priced,nice mouse.easy to holdworking very smooth and fast, response time is very good.,good durable product,its a great mouse under this price for normal office use, it would have been much better if it had silent clicks!!!!!,working well so far.",price,positive,positive,value,0
"it's a good data cable and i recommend it to purchase,the only issue was the metal pin is not fixed firmly so it has become loose,otherwise no issue,must purchase, cable which is sturdy it's not a fast charging cable but the three outlets does the job.,good sturdy micro usb cable with good charging speeds.",speeds,positive,positive,performance,0
"please don't raise prices,nice product, a simpla microusb cable, ,best for this price,good one",prices,positive,positive,value,0
"please don't raise prices,nice product, a simpla microusb cable, ,best for this price,good one",price,positive,positive,value,0
"does not fit the ear snugly.falls off often.,it's a good quality product but battery drains very fast.,anc is just a gimmick on this one, bass is poor, don't buy if you need bass.",battery,negative,,battery,0
no charging issues.build quality is plastic and can feel it.ear buds tips aren't comfortable for long listening.,charging,negative,,battery,0
"i think that was a software glitch, anyway it didn't appear again for sake!,good but battery drain pretty fast...,volume is less,nice products",battery,negative,,battery,0
"nice one doesnot pain the ear too much,it is a good product under rs.700 but battery backup could be more efficient.",battery,negative,,battery,0
"plus it gets charged slow.,all features of the watch is good but battery backup is very poor.",battery,negative,,battery,0
"but power limitation is there it is not suitable for fast charging.,, data cable charging fast,very good quality and good durability,overall good but need some improvement...",power,negative,,battery,0
"compatible with portable charger also,nice cable , length is very well good ,but charging speed is little bit slow otherwise good.",charging,negative,,battery,0
but battery life is not good enough though is says 5000 mah.,battery,negative,,battery,0
"earphones jack.overall ,camera excellent, but battery life not good, maximum 6 hours,as this price limit its a good mobile with camera, battery, screen quality",battery,negative,,battery,0
"and require some button for operation.,call pick up rejection function, next song play function not working on single touch,product is good but battery not as expected",battery,negative,,battery,0
but battery should be better it has require charge 1 time in day.,battery,negative,,battery,0
"working at the moment but can breakdown any moment.,never buy separate remote, it is useless,don't buy this product battery drain problem",battery,negative,,battery,0
the unit i bought does not have any sort of heating issues or fast battery drain issue.,battery,positive,,battery,0
"remaining all features are good...,ai is not working properly,watch is good ..but i had battery issue and alarm issues",battery,negative,,battery,0
"this is another reason ppl r complaining about charging issue since item is generic, zinq prolly doesn't even know...",charging,negative,,battery,0
"its a slow charging cable, but the look, sturdiness etc are impressive.planning to return the product.",charging,negative,,battery,0
effective only post 40 and best only 90 level hotspot drains battery quickly even a warning notification pops up .,battery,negative,,battery,0
i don't need 5g network because 5g drains battery a lot and 5g spends too much data.,battery,neutral,,battery,0
doing so will definitely cause serious overnight battery drain issues.,battery,negative,,battery,0
my first iqoo z6 pro 8gb is updated to the latest august security patch update and drains battery at the rate of 10 percentage overnight for no specific reason.,battery,negative,,battery,0
"this is an amazing bluetooth earphone for its price 500 it's good sound,good battery but only problem is there it's band as its flexible it dosent stay at place when in neck they go over another.",battery,positive,,battery,0
"when using this cable to the same socket and charger, it showing 10 hrs.,iphone charger last for two months only,charging not fast,slow charging4500amh battery18 watt charger4 khant full charge,slow charging speed",charging,negative,,battery,0
"its a slow charging cable vooc not support,though they call it as fast charging cable, it actually is not a fast charging cable.i tried it with my samsung fast charging adapter.",charging,negative,,battery,0
"suitable lenght.,3 leads working,user friendly for car drives,doesn't charge proper, tried all possible ways.",charge,negative,,battery,0
tried few cables from local stores and they either die or doesn't charge the device enough when it is in use.,charge,negative,,battery,0
",battery drains like any thing.",battery,negative,,battery,0
"you can't charge it with other c type charger.,good enough if you want to get some juice in a short time.",charge,negative,,battery,0
because of that battery drains very little and 33w charger charges phone within 30 mins for my usage.,battery,neutral,,battery,0
lightweight considering 20 k charge but slow charge.,charge,negative,,battery,0
"my airpots are not charging this time..thek are showing full charged but it's not working when i suppose to use.,superb,it's ok nice..but not up to the mark i used from 10 months",charging,negative,,battery,0
it didn't charge a bit.4.,charge,negative,,battery,0
the cable is efficient in fast charging but in quick data transfer.,charging,positive,,battery,0
very slow charging with 65w.,charging,negative,,battery,0
not charging as fast as i'd have expected.,charging,negative,,battery,0
when i plugged in the cable it wasn't charging rapidly on my oneplus.,charging,negative,,battery,0
"the prod was ordered in apr 22 and now in sept 22 its not charging the phone at all.i have contacted amazon for the same and looking forward for their help.,used it as a back up to charge phone in car.",charging,negative,,battery,0
every phone with fast charging heats a little.3.,charging,neutral,,battery,0
"battery drain revisit few of the settings on your device, like animation, transition effect etc to get most out of your battery.",battery,neutral,,battery,0
"all features are working quite well and connectivity with phone is also good.screen quality may be improved.,actually my smart watch bsw043 ring 3 is not charging 2 to 3 days.",charging,negative,,battery,0
"i don't know about the water resistance but except that it is good.,average quality,product quality is good, value for money but packaging was not good, they folded while packing.",packaging,negative,,delivery,0
"but packaging is not good feeling like seller gave is used cable.,good product,good product but cost is more.,original cable,i bought this cable at 129.",packaging,negative,,delivery,0
"but packaging should improve.,i am writing this review after using the product for 1month.",packaging,negative,,delivery,0
"why company is not giving the refund option?,this is return delivery i got and this is also in fault..",delivery,negative,,delivery,0
"no complaint about packaging but one thing to note is that 'no brand name on the packaging.' although when you open the product , the brand name is there on the product.2 build wire length is small to my opinion.",packaging,neutral,,delivery,0
"i would however recommend just getting some l connector cables to avoid this issue altogether.,good useful product,weak packaging, but all the pieces came.",packaging,negative,,delivery,0
the package was damaged and open.,package,negative,,delivery,0
"and if you do see any manufacturing defect, then you can always place a replacement request within 7 days of delivery for defectjve or different product.",delivery,neutral,,delivery,0
"liked it..,reducing one star as packaging was not good.mouse is big.if you prefer small and travel friendly mice go for someother design.,the mouse looks good, and it is even easy to hold and use due to to it's design.",packaging,negative,,delivery,0
"delivery wise no complaint.,this product am recived 5days...",delivery,negative,,delivery,0
i gave a 1 star less because product had a small piece broken while delivery maybe.,delivery,negative,,delivery,0
but when these arrived they don't fit in my camera.,arrived,negative,,delivery,0
was expecting the item but when the delivery got late i had to understand unfortunately the product is of no good to me.,delivery,negative,,delivery,0
"watch is awesome satisfiedworking properly,good,packaging was very bad,good,good router,good,nies,one of the cheapest wifi 5 gigabit routers.",packaging,negative,,delivery,0
but very high delivery charges even for prime customers.,delivery,negative,,delivery,0
"this has not come with delivery.,i like all the features but login for ott apps is a problem which we have to open chrome in mobile or laptop for login in tv",delivery,neutral,,delivery,0
"one of the most regretted purchase.,the product is a looking good but not a good sound quality, and then packaging is a very poor i think people open the product when it is packaged.",packaging,negative,,delivery,0
s amazon delivery is really not up to the mark..,delivery,negative,,delivery,0
the delivery people were not careful with the unpacking.,delivery,negative,,delivery,0
the packaging was torn and damaged.,packaging,negative,,delivery,0
"also, the packaging was open and not sealed when i recieved it.",packaging,negative,,delivery,0
"lg was always good , correct delivery, good service but sound quality was poor.",delivery,negative,,delivery,0
"not happy with the packaging and i hope realises from next order.,felt happy to see dell on its body i think it is genuine.",packaging,negative,,delivery,0
"but i would like to rate 3 star for the packaging because there was no packaging..it came with a sealed box..,it is worth buying.",packaging,negative,,delivery,0
"i ask amazon for a replacement thinking they could be defective, when the replacement arrived, the same thing happened.",arrived,negative,,delivery,0
it seems someone taken while shipping because i got the packet broken.,shipping,negative,,delivery,0
"i liked everything like product quality, packaging was so premiumone thing i didn't liked is you can get fingerprint easily,standard cover for the price.",packaging,positive,,delivery,0
"but as of now product seems to be good,very good quality with good speed,not good,everything great from packaging to cable quality",packaging,positive,,delivery,0
"just felt it is not sturdy enough.,the product packaging was good and clean.",packaging,positive,,delivery,0
not expecting any kind of tampering but thought to share the product packaging.,packaging,neutral,,delivery,0
final escalation to the service head worked and by then it was 3 days since the product arrived and was lying still!product wise no complaint.,arrived,neutral,,delivery,0
the packaging would be suspicious you would think a cheap unreliable product.,packaging,negative,,delivery,0
"though is a little expensive if you do more than the occasional print.delivery was 3 days earlier than the delivery date shown on amazon, so that was great.",delivery,positive,,delivery,1
"so i think this chota power is not providing sufficient power.,for my daughter's notepad, the perfect cell which i received with fast delivery at home.what else one can expect from amazon!!",delivery,positive,,delivery,0
"if bass is not what you are after, you are unlikely to find a better package even at a much higher price point, especially if you care for even sound.",package,negative,,delivery,0
i have been using it for the past 2 months and haven't faced any issue.another problem with this montioe is the rubber that is used for rotating the montioe is cheap and gets broken initially only.,broken,negative,,durability,0
"i used this product for about 4 months and really had no issues with it, until i noticed that my internet stopped working.",stopped working,negative,,durability,0
"don't waste money buying expensive ones, go for this.,functionally very good, and it is a good replacement for the original remote, on which the power switch had stopped working.",stopped working,negative,,durability,0
the return window closed two days ago and i can't return this broken garbage.,broken,negative,,durability,0
"value for money,the remote is compatible with our tata sky box and does the job,it didn't last for more than 15 days and has stopped working.",stopped working,negative,,durability,0
"it says 60w capable, don't know how to measure it but works good with my 25wats brick.,the charging cable stopped working within 2 weeks.",stopped working,negative,,durability,0
"it stopped working after a month of use.,value for money,but not get feel of original remote control with tv what we get .",stopped working,negative,,durability,0
"does it's job.,now these days smartphone are so expensive and we are very careful about that, but once our charging cable lost or broken, we will think about the right one.",broken,negative,,durability,0
"but after falling down it gets broken.,good for basic use not for gaming.,i like this product.",broken,negative,,durability,0
it stopped working completely and the mouse cursor doesn't even move.,stopped working,negative,,durability,0
but it stopped working within 6 months of usage.,stopped working,negative,,durability,0
"apple car play has stopped working intermittently when using this cable,good product but phn was getting heat while its chrgeing,this cable is working great.",stopped working,negative,,durability,0
"it stopped working after few months of usage,everything is good but the battery don t last that long when use for charging two device.",stopped working,negative,,durability,0
"every time i mount or unmount my device, i have to take care a lot so that it might not get broken.",broken,negative,,durability,0
"however the backup battery stopped working later and the customer support team were quick to respond and swiftly sent me the replacement product.,product was delivered very promptly and packaging was good.",stopped working,neutral,,durability,0
"now i use this as my main work station all day.,the table is fantastic but i got a dameged or broken one.",broken,negative,,durability,0
i had to use an old mouse in the mean time.i used to trust offbeat products but i am greatly disappointed as this mouse broke just after two weeks.,broke,negative,,durability,0
"this wire was great purchase made to correct it,worked well for six months that s it, now it s stopped working, now planning to buy one more because the price has come down to 150,very good product.",stopped working,negative,,durability,0
"cause it's stopped working.,the cable is physically resilient and looks good too.",stopped working,negative,,durability,0
the cable stopped working in 7 months contacted customer support and they ensured a replacement soon.,stopped working,negative,,durability,0
"i bought the original cable for 1k, and it stopped working after few months.this one is a fraction of cost, and is working well!,good product for 1 6 device.",stopped working,negative,,durability,0
"also, the built quality is good.,the remote is working fine for now but durability not sure as not as the original but does the job.,it is good for samsung smart tv,nice one",durability,negative,,durability,0
most of the keys stopped working within a month.,stopped working,negative,,durability,0
"decent buy,very good product,value for money,this cable i bought in july'22 end and in december mid 22 it stopped working.",stopped working,negative,,durability,0
i gave a 1 star less because product had a small piece broken while delivery maybe.,broken,negative,,durability,0
"now lets see if they actually do as promised.original review after 6 months it stopped working, so raised a request for it.",stopped working,negative,,durability,0
i have used 12v2a product for 9 months and it stopped working after that.,stopped working,negative,,durability,0
stopped working after a month of use.,stopped working,negative,,durability,0
it's the first time in my life that a router has broken and that too after just over a year's usage.,broken,negative,,durability,0
"packaging was also good.,it's really of good quality, i have read problems like the apple pencil doesn't work after applying this protector but i honestly didn't feel any lag.",lag,negative,,performance,0
"so, i think those games will work here without lag as well.tip just because, some people got defective piece doesn't mean you will too.",lag,negative,,performance,0
no data loss problem or data corrupt problems i have faced yet.downs......the only downside is this pendrive is little slow because of technology 2.0 3.2 is newer one and second one is not affact your data at all..,slow,negative,,performance,0
"don't face lag now.try to use a usb hub if you don't have a usb port away from existing used ports.,build quality and all are good but the batteries cap is little bit loose for the keyboard and mouse is totally fine.",quality,positive,,performance,0
no issues of lag or disconnection or audio drop on super quiet moments of the song.bass?very decent and controlled.vocals?very cleartreble?sharp and crisp.loudness?you can listen at full volume without much discomfort.,lag,positive,,performance,0
"its a slow charging cable, but the look, sturdiness etc are impressive.planning to return the product.",slow,negative,,performance,0
but i charge it regularly and battery charge never drops below 70 .the phone has sd680 processor which is more that enough for basic tasks and performs well without any lag.,lag,negative,,performance,0
"little bit lag in touch screen., productsbut hand wash screen off problemre start problem,automatic restart problem,for the first time, i purchased a smartwatch.",lag,negative,,performance,0
"the silver paint on pendrive is vanishing time by time and it is now turning black,product is good but slow,storage is good but doesn t work for car stereo,57 gb out of 64,so far so good,good product,ok",slow,negative,,performance,0
i played bgmi and cod and didn't feel any lag in the sound.5.,lag,negative,,performance,0
"plus it gets charged slow.,all features of the watch is good but battery backup is very poor.",slow,negative,,performance,0
"also color print not working or not recognized.,does the job, but it's damn slow.",slow,negative,,performance,0
"however it charges quite slow compared to original chargers, even when one mobile is charged at one time.,when using a regular cable, it takes about 2 hrs for a full charge.",slow,negative,,performance,0
"product is good , and also it's strudiness .but no fast charging in this cable , it's normally charging .",fast,negative,,performance,0
"tv looks fine, however i see some lag while selecting the applications such as amazon prime etc.",lag,negative,,performance,0
"its a slow charging cable vooc not support,though they call it as fast charging cable, it actually is not a fast charging cable.i tried it with my samsung fast charging adapter.",slow,negative,,performance,0
there are noticeable lag while casting screen share.,lag,negative,,performance,0
"in this price you can get the best product,processor very slow plg improve,smart work is slow but picture sound ok",slow,negative,,performance,0
the response is little slow but that's still fine.,slow,negative,,performance,0
the sound quality is not the best and i have noticed some lag when switching between apps.,lag,negative,,performance,0
"i will recommend this tv if you want to buy this 32 inch s series tv.,writing review after 1.5 month use overall good but it become little slow when we install apps rest everything is fine.",slow,negative,,performance,0
"plug and play.link for driver is good but internet connection is slow,easy to use.",slow,negative,,performance,0
there is no lag while watching forwarding 4k 8k videos.2.,lag,negative,,performance,0
"no more changing of cables every year or soo.,as i need for apple carplay support this is perfect with no lag.",lag,positive,,performance,0
wifi connection is little slow but it works mostly fine if router is nearby.,slow,negative,,performance,0
"overall, happy that i bought this tv.,at this price picture quality is good but connectivity is slow and remote function also,good one happy with the purchase,,kodak tv,ok,nice tv,smart and good work",slow,negative,,performance,0
"best but slow response from tv,product is good, for money,super quality....go with tcl,,best price,",slow,negative,,performance,0
phone lag in two days of testing it has not lagged at all.,lag,negative,,performance,0
"video call lag did not face any, did multiple video calls yesterday with different people, did not get any complaint from them about my video lag.",lag,negative,,performance,0
sometimes i feel lag in touch though it is for microseconds but it is there.,lag,negative,,performance,0
"however, the watch may lag a bit.",lag,negative,,performance,0
no lags at all though there is provision for a 3 sec lag which can be turned on.9.,lag,negative,,performance,1
you will not get features like slow motion etc etc.,slow,negative,,performance,0
lightweight considering 20 k charge but slow charge.,slow,negative,,performance,0
"the product charges iphone about 50 in an hour, but rest charging is very slow.",slow,negative,,performance,0
"even with beast mode turned on, i felt no difference as the the lag still persisted.5.",lag,negative,,performance,0
"ordered it for my home office and have been using this for almost 10 months, it looks good and there is no lag in typing and the keys are comfortable while typing.,nic product and smooth keyboard!",lag,negative,,performance,0
i have been using it for the past 2 months and haven't faced any issue.another problem with this montioe is the rubber that is used for rotating the montioe is cheap and gets broken initially only.,cheap,negative,,quality,0
"the mouse doesn't feel cheap overall, but it is definitely plasticky, though not in the bad sense.",cheap,negative,,quality,0
"the cable is lengthy no quality loss till yet.ps i will update if there is any issues,,looks like cheap, but works fine",quality,negative,,quality,0
"but the main job can be done without any problem and i'm getting upto 100 mbps speed.,,the product is good for the use,not cheap but its ok price.",cheap,negative,,quality,0
"when held, it doesnt give off that cheap and flimsy product like feeling.",cheap,negative,,quality,0
"charging time is good with availability of different cable types.,considering the price compared to competitors at market, this is cheap, but no compromises have been made with respect to sturdiness or quality.",cheap,negative,,quality,0
"it s a bit expensive but it keeps phone s screen looking new and shiny, and it is much much better than the cheap ones in doing so it s night and day difference.fit and finish is really good too.",cheap,negative,,quality,0
"scroll wheel doesn't feel cheap at all, though i believe it could've been better quality.",quality,negative,,quality,0
"suits my hand the best, tried some gaming mouse at 500 800 range but the feel is not good and my wrist starts to hurt on those cheap mice.",cheap,negative,,quality,0
"amazon better not sell such cheap crap and loose trust.,good,working fine read write speed is good",cheap,negative,,quality,0
"very good,why go for cheap chinese ones.,good cells,some of cell is not at 100 but they are at 90 or 80 price is low but stock is old.",cheap,negative,,quality,0
"but still price is very good compare to other products.,good,it worked really well for 3 4 months but now it started showing its cheap chinese side.",cheap,negative,,quality,0
"be careful while plugging and unplugging, or you may damage your device.very cheap and usable cable for 120 rs,super power,nice product.,in this price this is the best one",cheap,negative,,quality,0
"i haven't had to use most of the other functions.,good performance,cheap and best alternative for your lg remote.",cheap,negative,,quality,0
"sometimes it doesnt even connect to the phone.dont buy it, dont buy any other cheap cables.",cheap,negative,,quality,0
you will not find a decent 16 gauge copper speaker cable for less than rs 2000.this is a cheap 16 gauge speaker and it does the job very well.,cheap,negative,,quality,0
"but, the product is cheap chinese plastic crap and definitely not a worth more than rs.",cheap,negative,,quality,0
"looks cheap, but did it s job okay.",cheap,negative,,quality,0
i don't think plastic back makes your phone or you look cheap.,cheap,negative,,quality,0
"you may go for cheap tempered glasses but the touch feels different and smooth with popio glasses,i am using this for 3 weeks now.",cheap,negative,,quality,0
"it is definitely not cheap looks wise.there is an on, off switch on the bottom which is helpful in saving the battery which is included when the mouse is not in use.",cheap,negative,,quality,0
"keep your hands soft while typing.,although it is quite cheap and works nicely for me, i think this is not for those who look for soft touch keyboard.",cheap,negative,,quality,0
"even a small movement can cause the second device to get unplugged from the usb port, which is not at all strong.,its cheap on multiple levels, first ad foremost money wise and then most importantly quality wise.",cheap,negative,,quality,0
"the product appears cheap, but holds well.",cheap,negative,,quality,0
i was expecting it to feel wonky and cheap but it actually feels decent.,cheap,negative,,quality,0
but the button enclosure feels like cheap plastic and will break easily.,cheap,negative,,quality,0
"you must be buy.,it's not sturdy on the bedmaterial is cheap.",cheap,negative,,quality,0
"you get free pen , cheap through but it works.",cheap,negative,,quality,0
she does not sound chinese like the cheap chinese headphones.,cheap,negative,,quality,0
well i had a notion that cheap bt headphones could not produce good sound..,cheap,negative,,quality,0
of course those cheap speakers would be louder and more shrill but it is about quality vs quantity.coming to the cons 1.,cheap,negative,,quality,0
the technician brought a cheap hanging hook that had mrp inr116 on it and asked for inr499 for it without any receipt.,cheap,negative,,quality,0
"simply superb, goverment shouldnt hinder amazon products , amazon products rather gives competition to local qualityless products which consumers are forced to buy beacause they have no quality competition.",quality,negative,,quality,1
"if you want to avoid the cable this is a best product.,eco dot 3rd,product does its work but quality can be improved.",quality,negative,,quality,0
"nice product,okay product at cheap price.",cheap,negative,,quality,0
"in the end, it's a cheap chinese product sold in india at rs.",cheap,negative,,quality,0
the packaging would be suspicious you would think a cheap unreliable product.,cheap,negative,,quality,0
"liked it,sound is good but quality normal,good product impressive,sound nd bass is good nd value for money",quality,negative,,quality,0
"no reimbursment, no quality suppport, no resposnse to emails apart from the standard script.",quality,negative,,quality,0
i was quite fed up of using cheap wired headsets as they used to go out of function or get snapped every now and then.,cheap,negative,,quality,0
"no volume control or on off button, comfortable to wear but not designed for comfort, clear sound, and a mic but no advanced features for either.",volume,negative,,sound,0
why on god's green earth there is no audio jack?!?!!!!what is the use of hdmi port if user can't get video and audio both??2.,audio,negative,,sound,0
"lg was always good , correct delivery, good service but sound quality was poor.",sound,negative,,sound,0
"vu uhd smart 43 web os version good tv 2022 , picture quality and opareting nice , but sound quality i am not satisfied not afctvive to other t vs,hdr can t be turned off in apps,got it at 19k in the sale.",sound,negative,,sound,0
but sound volume clarity not adequate.,sound,negative,,sound,0
"i had some extra cushions so i added those over the ear piece.,build quality is not that good but sound quality,noise cancellation is best in the range of less than 1000.,after covid 19 our life changes a lot.",sound,negative,,sound,0
"jbl could have address this.,i have used it for listening songs and i can say it is good earphones for that price,average, expected too much but sound quality is good but bass is not that great.",sound,negative,,sound,0
"the tv i bought is great .,picture quality good but sound can be more clear,nice picture quality,sometimes lines comes on screen.",sound,negative,,sound,0
everything is fine but sound quality should be little bit more enhanced.,sound,negative,,sound,0
"with no noise, the other person said i sounded great!",noise,negative,,sound,0
sometimes no sound is received while playing audio from both devices.,sound,negative,,sound,0
"ergonomic is also a must as i use these for long hours.currently, i use logitech m590 mouse which is really awesome and makes almost no noise at all.,great product,i have been using this product for 2years.",noise,negative,,sound,0
"so, harman please include dual connectivity.bought this at 12.5k,good one, but sound is low.",sound,negative,,sound,0
but bass levels are different.,bass,negative,,sound,0
but full volume doesn't distort is loud enough.,volume,negative,,sound,0
",battery level indicator not available,,good audio but the mic feature is not that good.,good bluetooth speakers by themselves but bit overpriced.",audio,negative,,sound,0
the bass doesn't overpower them and feels just right.,bass,negative,,sound,0
she does not sound chinese like the cheap chinese headphones.,sound,negative,,sound,0
i was used to it on my 6t3 volume not too happy with the phone speakers.,volume,negative,,sound,0
"for mids, the spectrum is tilted towards bit of high bass but surprising absence of very specific high bass frequencies as mentioned above , but its bearable.",bass,negative,,sound,0
good quality sound but has less bass as other says but it's decent.,sound,negative,,sound,0
it s a quality refined timbre bass not some low quality stuff.,bass,negative,,sound,0
"people are complaining in reviews that it doesnot produce any bass, but actually its is the bass produced by the speaker which deteriorates the quality.",bass,negative,,sound,0
"it is fairly even sound, but not a significant enough improvement in bass over the 200.",sound,negative,,sound,0
"although i was able to detect in bios mine is basic for current usage 07wp95 , so i did not give up funny it may sound, no repair app.",sound,negative,,sound,0
"excellent even sound, however the lack of bass as compared to the others pulls it back.",sound,negative,,sound,0
"jbl crystal clear even at full volume, but has least sound level in all of three.",volume,negative,,sound,0
"sennheisers tends to distort above 75 level of volume, but has greater sound level of all.",volume,negative,,sound,0
"sound don't explode or go outside of the buds to 50 as it go outside on boat 510 headphone, so its good.5.",sound,negative,,sound,0
the transiton between mid and lower mids bass isn't great.,bass,negative,,sound,0
"does not fit the ear snugly.falls off often.,it's a good quality product but battery drains very fast.,anc is just a gimmick on this one, bass is poor, don't buy if you need bass.",bass,negative,,sound,0
"no complaints.,good product,bass is not high,love it,",bass,negative,,sound,0
"picture is crystal clear enjoy it with high speed internet., in smart tv but low sound quality., 8k it's worth , value for money.good picture quality and sound.satisfied customer.",sound,negative,,sound,0
"stylish design and finishing also good but low audio volume.it's better to use extra speakers...,good quality for the price,it was amazing to see it in big picture at home..",audio,negative,,sound,0
"the quality of the included cables is quite poor, so it's best to use something else.compared to the direct input from usb, the overall sound is poorer, with a shrunken soundstage and coarse vocals and treble.",sound,negative,,sound,0
when you compare it with budget wired headphones like sennheiser cx 180 street ii bass is not too deep.,bass,negative,,sound,0
the angled jack is a plus but the sound quality is so so.,sound,negative,,sound,0
"but if that's your thing, then you should know that the highs get pretty shrill at the setting, but the bass is still pretty clean and loud!3.",bass,negative,,sound,0
only thing i am missing is volume control on headphone,volume,negative,,sound,0
but the audio quality is average.,audio,negative,,sound,0
"the cable is lengthy no quality loss till yet.ps i will update if there is any issues,,looks like cheap, but works fine",cheap,negative,,value,0
"only issus is motion censor doesn't work,it's good but price is high and sometime it's not working so good can't take motion recording.,not up to mark",price,negative,,value,0
"it fits the lg 2022 model's uq80 as well...a very good product.,done the job but value high.,product isn't bad, but the rate is very expensive.,nice",value,negative,,value,0
"it's working very well good quality and amazon never disappoint me.thank you,not for good,it looks like original but the build quality is not so good but value for money",value,negative,,value,0
"does it's job.,now these days smartphone are so expensive and we are very careful about that, but once our charging cable lost or broken, we will think about the right one.",expensive,negative,,value,0
"quality is not great cheap plastic but does its purpose.,worth for money..",cheap,negative,,value,0
"the display has no spelling errors and while the resolution is low, it is sufficient for the tasks.overall, it's quite expensive but is more kitted out than similar devices.",expensive,negative,,value,0
"working fine with airtel dth but the quality is cheap, it's not strong,earlier airtel tv remotes had larger keys which were easy to navigate.",cheap,negative,,value,0
even at rs 5k it is not worth it because of the range issue.,worth,negative,,value,0
"the screen has big bezels, however, the good part is that the screen goes completely back when it is off, so you won t notice the bezels, and the screen quality won t feel cheap at all.",cheap,negative,,value,0
"it s a bit expensive but it keeps phone s screen looking new and shiny, and it is much much better than the cheap ones in doing so it s night and day difference.fit and finish is really good too.",expensive,negative,,value,0
"not worth the money paid.,it's tiny specially can be look great on tiny wrist, look is also nice but internal feature is some down it must be upgrated.,auto data collection n update not there .",worth,negative,,value,0
charge holds for good time over a day s usage kingone is cheaper in agif sale and this one was relatively expensive but at price point compared to apple this is good for casual use.,expensive,negative,,value,0
"no use of alexa.i think it's a good buy after 2 months of usage,all over amazfit gts2 mini new version is good but price is high and also calling features not available that is the biggest drawback.",price,negative,,value,0
overall it is a good product but it is not worth 300rs.,worth,negative,,value,0
don't buy it for rs.3k i suggest waiting for a discount because this thing is certainly not worth that much.,worth,negative,,value,0
real 7.1 will be dam expensive and can't be sure how human ear will respond to that technique....,expensive,negative,,value,0
"but packaging is not good feeling like seller gave is used cable.,good product,good product but cost is more.,original cable,i bought this cable at 129.",cost,negative,,value,0
"using 8month also fast working.,350 might be a little expensive but physically it s so good.",expensive,negative,,value,0
"using it and satisfactory.,working good also not so expensive,using this for an audio transition from yamaha mgxu20 sound mixer to the laptop for live purpose excellent quality.,bought it before one and a half month....",expensive,negative,,value,0
little bit expensive but go with this because of good signal.4.,expensive,negative,,value,0
"good compatibility.all features works fine and as expected.bcuz of all this, it's a vfm product to me.,working fine can buy,it is working but expensive.",expensive,negative,,value,0
but discarded sony just bcz of expensive and scared if my kid whilst playing will break it.,expensive,negative,,value,0
"an excellent fitness tracker but average health monitor., ,plz add calling feature with this,otherwise it is ok,good,it's little expensive but okkk,",expensive,negative,,value,0
"but worth buying than a expensive apple pencil ,",worth,negative,,value,0
this was a saviour for me as i didn t want to buy expensive stylus and max dont work with iphones.,expensive,negative,,value,0
"definitely not worth 1300 in my opinion.,,not adaptive for every person's ear.",worth,negative,,value,0
"surely go for it little costly but worth it.,use the tether app, do the installation by yourself enjoy the wifi.",worth,negative,,value,0
"good battary life, good sound, good connectivitycons very poor build quality, feel so cheap.",quality,negative,,value,0
"saved an electronic device from being obsolete.if you want more performance..maybe get 900mah cell....but for me thats expensive...750mah is enough.long term performance is to be seen.,used for my philips trimmer.",expensive,negative,,value,0
"place holder for mobile devices however, i use it to place a pen cons expensive.",expensive,negative,,value,0
"grip to the table is also really good,the size is alright, material is good too but holy cow it reeks of cheap rubber.,fairenough looking at price tag.,it is really a good product.",cheap,neutral,,value,0
u cant have the effect of an in ear earphones bass quality in a cheap bt..,quality,negative,,value,0
it's not worth buying cartidges so go for refill.3 we only find cl 57s which is small.,worth,negative,,value,0
",good quality, and cheap price,great for the price works with my usb mic fantastically well.",cheap,negative,,value,0
wrong instructions..a bit too expensive.,expensive,negative,,value,0
"but price is too high.,working just as fine as 1.5m cable that my speaker company has provided.",price,negative,,value,0
"you can go for it.,most expensive cable i have ever purchased.",expensive,negative,,value,0
"good product n it works fine,it's good one but price more than quality,connecting to sensor for using is slightly a headache......",quality,negative,,value,0
expensive here on amazon.,expensive,negative,,value,0
